,RID,smiles
0,R0000000001,*C*
1,R0000000002,*CC(*)C
2,R0000000003,*CC(*)CC
3,R0000000004,*CC(*)CCC
4,R0000000005,*CC(*)C(C)C
5,R0000000006,*CC(*)CCCC
6,R0000000007,*CC(*)CC(C)C
7,R0000000008,*CC(*)CCCCC
8,R0000000009,*CC(*)CCC(C)C
9,R0000000010,*CC(*)CCC(C)CC
10,R0000000011,*CC(*)CCCCCCC
11,R0000000012,*CC(*)CCCCCCCC
12,R0000000013,*CC(*)(C)C
13,R0000000014,*CC(*)(C)CC
14,R0000000015,*CCC(*)(C)C
15,R0000000016,*CC(C)C(*)(C)C
16,R0000000017,*CCCC(*)(C)C
17,R0000000018,*CCCC(*)(C)CC
18,R0000000019,*CCCCCCCC(*)C
19,R0000000020,*CC(*)*
20,R0000000021,*C1CC1
21,R0000000022,*C1CCC1
22,R0000000023,*C1CCCC1
23,R0000000024,*CC(*)C*
24,R0000000025,*C1CCCCC1
25,R0000000026,*c1ccccc1
26,R0000000027,*CCC(*)C*
27,R0000000028,*CC(*)C(*)C
28,R0000000029,*C1CCC(*)C1
29,R0000000030,*CC(*)CCCCCCCCCC
30,R0000000031,*CC(*)CCCCCCCCCCCC
31,R0000000032,*CC(*)CCCCCCCCCCCCCCCC
32,R0000000033,*CC(*)CCCC(C)C
33,R0000000034,*CC(*)C(C)CC
34,R0000000035,*CC(*)C(CC)CC
35,R0000000036,*CC(*)CC(CC)CC
36,R0000000037,*CC(*)CC(C)CC
37,R0000000038,*CC(*)CC(C)(C)C
38,R0000000039,*CC(*)CC(C)(C)CC
39,R0000000040,*CC(*)CCCC(C)(C)C
40,R0000000041,*CCCC(*)C*
41,R0000000042,*C1(*)CCC(C)CC1
42,R0000000043,*CC(*)(C)CCC
43,R0000000044,*C=CCCC*
44,R0000000045,*C=CCC*
45,R0000000046,*C(*)C
46,R0000000047,*C=C*
47,R0000000048,*CCC(C)C(*)C
48,R0000000049,*CC*
49,R0000000050,*C1CCCC1*
50,R0000000051,*C=CCCCCCCCC*
51,R0000000052,*CC(*)CCCCCCCCCCCCCCCCCCCC
52,R0000000053,*CC(*)CCCCCCCCCCCCCC
53,R0000000054,*C=CCCCCCC*
54,R0000000055,*CC(*)C(C)(C)C
55,R0000000056,*C=CCCCC*
56,R0000000057,*CC(*)CCCCCCCCCCCCC
57,R0000000058,*C(*)CC
58,R0000000059,*CC(*)CCCCCCCCCCC
59,R0000000060,*CC(*)CCCCCCCCC
60,R0000000061,*C1CCCC(C)C1
61,R0000000062,*C1CCC(C)CC1
62,R0000000063,*C1CC=CCC1
63,R0000000064,*CCC=*
64,R0000000065,*C(=*)CCCCCCC
65,R0000000066,*C(=*)C(C)C
66,R0000000067,*CC(*)CCC(C)(C)C
67,R0000000068,*C1CCC1*
68,R0000000069,*C=CCCCCC*
69,R0000000070,*C=CC1CCC(*)C1
70,R0000000071,*C=CC(C*)C(C)CC
71,R0000000072,*C(=*)CCC
72,R0000000073,*C1(*)CCCCC1
73,R0000000074,*C=CC(C)CCCCC*
74,R0000000075,*C(=*)C(C)(C)C
75,R0000000076,*c1ccccc1C
76,R0000000077,*c1ccccc1*
77,R0000000078,*CC
78,R0000000081,*CCC
79,R0000000082,*C(C)C
80,R0000000083,*CCCC
81,R0000000084,*CCCCC
82,R0000000085,*CCC(C)C
83,R0000000091,*CC(C)C
84,R0000000092,*CCCCCC
85,R0000000093,*c1ccc(*)cc1
86,R0000000096,*c1cccc(C)c1
87,R0000000097,*c1cccc(*)c1
88,R0000000100,*c1ccc(C)cc1
89,R0000000101,*C(C)(C)C
90,R0000000102,*C(C)CC
91,R0000000103,*CCCCCCCC
92,R0000000104,*CCCCCCCCC
93,R0000000105,*CCCCCCCCCC
94,R0000000106,*CCCCCCCCCCCC
95,R0000000107,*CCCCCCCCCCCCCC
96,R0000000108,*CCCCCCCCCCCCCCCC
97,R0000000109,*CCCCCCCCCCCCCCCCCC
98,R0000000137,*c1ccc(C)cc1C
99,R0000000138,*c1ccc(*)c(*)c1
100,R0000000142,*c1cc(C)ccc1C
101,R0000000143,*c1ccc(C)c(*)c1
102,R0000000148,*c1cc(C)cc(C)c1
103,R0000000149,*c1ccc(C)c(C)c1
104,R0000000153,*c1c(C)cc(C)cc1C
105,R0000000154,*c1cc(C)c(C)cc1C
106,R0000000156,*CC(*)(*)C
107,R0000000158,*c1cccc2ccccc12
108,R0000000162,*c1ccc2ccccc2c1
109,R0000000167,*CC(*)C(*)C(*)*
110,R0000000170,*CCCCCC*
111,R0000000171,*CC(CC)CCCC
112,R0000000187,*C#CC(=*)C*
113,R0000000189,*CC(*)=*
114,R0000000191,*C(*)C(*)C
115,R0000000192,*CC(C)(C)C
116,R0000000193,*C=CC(*)C*
117,R0000000201,*C(=*)c1ccccc1
118,R0000000210,*CC(C)(C)CC
119,R0000000235,*C=C(*)c1ccccc1
120,R0000000242,*CCCCCCC
121,R0000000243,*C1(C)CCCCC1
122,R0000000248,*C1Cc2ccccc2C1*
123,R0000000249,*C(=*)C
124,R0000000253,*CCCC=*
125,R0000000254,*C(=*)c1ccc(*)cc1
126,R0000000256,*C1CC(*)C(*)C1*
127,R0000000257,*C1CC(*)C(*)C1
128,R0000000260,*CC(C)(C)CC(C)C
129,R0000000263,*C1CC2C(*)C(*)CC2C1*
130,R0000000265,*CC=C
131,R0000000266,*C1CC2CCC1(C)C2(C)C
132,R0000000276,*CCC*
133,R0000000280,*CCCCC*
134,R0000000284,*C1CCCCC1C
135,R0000000285,*C1CC(C)CC(C)(C)C1
136,R0000000296,*C(CC)CC
137,R0000000299,*CC(C)CC
138,R0000000300,*C(C)CCCCC
139,R0000000301,*CC(CC)CC
140,R0000000302,*C(C)CC(C)C
141,R0000000303,*C(CCC(CC)CCCC)CC(C)C
142,R0000000306,*CCCC*
143,R0000000309,*C12CC3CC(C)(C1)CC(C)(C3)C2
144,R0000000311,*CCC(C)(C)C
145,R0000000312,*C(C)C(C)(C)C
146,R0000000313,*CCC(C)CC(C)(C)C
147,R0000000322,*C12CC3CC(CC(C3)C1)C2
148,R0000000326,*CC(C)CCC
149,R0000000327,*CCC(*)C
150,R0000000328,*C1CCC(*)CC1
151,R0000000344,*C(C)CCC(CC)CCCC
152,R0000000345,*CC#C
153,R0000000347,*CCCCCCCCC=*
154,R0000000348,*=CCCCCCCCC
155,R0000000349,*C1CCC2(C)C(=CCC3C2CCC2(C)C(*)CCC32)C1
156,R0000000350,*C(C)CCCC(C)C
157,R0000000351,*C1CCCCCCCCCCC1
158,R0000000390,*C=CC(C)C*
159,R0000000391,*CCC(=*)C
160,R0000000392,*C=CC(C*)CC
161,R0000000393,*C=CC(C*)CCC
162,R0000000394,*C1C=CC(*)CC1
163,R0000000395,*CC(*)=C
164,R0000000396,*CC(*)C=C
165,R0000000397,*CC(*)C=*
166,R0000000398,*=CC
167,R0000000399,*=C(C)C
168,R0000000400,*C=CC(C)C(*)C
169,R0000000401,*C=CC(C)(C)C(*)(C)C
170,R0000000403,*CC(C)C=*
171,R0000000404,*C=CC=*
172,R0000000405,*C1C=CC(*)C1
173,R0000000408,*C(*)(C)C
174,R0000000409,*C(*)CCC
175,R0000000410,*C(*)C(C)C
176,R0000000412,*C(*)CCCC
177,R0000000419,*C(C)C(*)C
178,R0000000420,*C(C)C(*)(C)C
179,R0000000421,*C(C)(C)C(*)(C)C
180,R0000000423,*CC(C)(C)C*
181,R0000000425,*CC(C*)(C*)C*
182,R0000000429,*c1cc(C)c(*)c(C)c1
183,R0000000430,*c1cc(*)c(*)c(C)c1
184,R0000000431,*C(C)CCC
185,R0000000432,*C(C)CCCC
186,R0000000433,*c1cc(*)c(*)c(*)c1
187,R0000000434,*C1C(C)(C)C(*)C1(C)C
188,R0000000442,*c1cc(C)c(*)cc1C
189,R0000000454,*C(*)CCCCCC
190,R0000000463,*C(*)(C)CC
191,R0000000472,*CC(C)C*
192,R0000000478,*CC1(C*)c2ccccc2-c2ccccc21
193,R0000000479,*C(C)CC(*)(C)C
194,R0000000484,*c1ccc(*)c(C)c1
195,R0000000485,*C1CCC(*)(C)C(*)C1
196,R0000000490,*C(*)(*)C
197,R0000000491,*c1ccc(C=*)cc1
198,R0000000492,*c1ccc(C(=*)C)cc1
199,R0000000493,*C1CCCCC1*
200,R0000000494,*C1CCC(*)(C)CC1
201,R0000000495,*c1ccc(C2(C)CC(C)(C)c3cc(*)ccc32)cc1
202,R0000000496,*C1CCCC(*)(*)C1
203,R0000000499,*c1c(C)c(C)c(*)c(C)c1C
204,R0000000510,*C1CCCC(*)C1
205,R0000000511,*C(*)(*)*
206,R0000000512,*C1(*)CC2CCC1C2
207,R0000000516,*CC(C*)(CC)CC
208,R0000000518,*C(*)CCCCCCCC
209,R0000000519,*C1(*)CC=CCC1
210,R0000000520,*C1(*)CC=C(C)CC1
211,R0000000521,*C1CC1*
212,R0000000522,*c1ccc(*)c2ccccc12
213,R0000000533,*CC#CC#CC*
214,R0000000535,*c1cc(*)cc(*)c1
215,R0000000540,*c1c(C)cccc1C
216,R0000000542,*CC(C*)C(C)(C)C
217,R0000000543,*CC(C)(C*)CC
218,R0000000550,*C(*)C(*)*
219,R0000000558,*c1cccc2c(*)cccc12
220,R0000000559,*c1cc2ccccc2cc1*
221,R0000000560,*c1ccc2cc(*)ccc2c1
222,R0000000561,*c1ccc2ccc(*)cc2c1
223,R0000000563,*=Cc1ccc(C=*)cc1
224,R0000000565,*c1ccc(C2(c3ccc(*)cc3)c3ccccc3-c3ccccc32)cc1
225,R0000000567,*c1c(*)c(*)c(*)c(*)c1*
226,R0000000570,*c1cccc(*)c1*
227,R0000000597,*CC#CC*
228,R0000000599,*C(C)CCC(*)C
229,R0000000601,*CC(C)C(C)C*
230,R0000000602,*CC(CC)C(C*)CC
231,R0000000603,*CC(CCC)C(C*)CCC
232,R0000000604,*CC(CCCC)C(C*)CCCC
233,R0000000605,*CC(CCCCCCCCCC)C(C*)CCCCCCCCCC
234,R0000000606,*CC(CCCCCCCCCCCCCCCC)C(C*)CCCCCCCCCCCCCCCC
235,R0000000607,*CC(C(C)C)C(C*)C(C)C
236,R0000000608,*CCC(C)CC
237,R0000000609,*C1CC2CCC1C2
238,R0000000640,*C1CC1(*)C
239,R0000000641,*C1C(*)C1C
240,R0000000652,*C(*)*
241,R0000000653,*c1cc(*)cc(C)c1
242,R0000000658,*c1ccc(C2(c3ccc(*)cc3)CCc3ccccc32)cc1
243,R0000000662,*c1cc(*)c(*)c(*)c1*
244,R0000000674,*c1ccc(C2(C)CC(C)(C)c3ccc(*)cc32)cc1
245,R0000000683,*CCCC1(CCC*)c2ccccc2-c2ccccc21
246,R0000000690,*CC(C)CCC(C)C*
247,R0000000691,*CCC(C)C(C)CC*
248,R0000000692,*CCCC(C)(C)C*
249,R0000000694,*C1CC(*)CC(*)C1
250,R0000000698,*C1CC(*)(C)CC(C)(C)C1
251,R0000000700,*CCC(C)(C)CC(C)C*
252,R0000000701,*CCCC(CC*)C(C)C
253,R0000000702,*CCCC(C)(C)CCC*
254,R0000000703,*CCCC(C)(C)CCC(*)C
255,R0000000704,*CCC(C)CC(C)(C)C*
256,R0000000705,*CCCC(CC)CC*
257,R0000000712,*CC=*
258,R0000000713,*C1CC(*)C1(C)C
259,R0000000749,*C1C(*)C(*)C1*
260,R0000000757,*CCCC(*)CC*
261,R0000000760,*CCCCC(C)CC*
262,R0000000761,*c1ccc2c(c1)Cc1cc(*)ccc1-2
263,R0000000766,*C(*)CCCCC
264,R0000000767,*c1cccc(*)c1C
265,R0000000774,*c1cccc(C=*)c1
266,R0000000776,*C(C)(C)CCCCC(*)(C)C
267,R0000000779,*c1c(C)cc(C)c(*)c1C
268,R0000000792,*C(*)(C)CCC
269,R0000000793,*C(*)(C)CC(C)C
270,R0000000794,*C(*)(CCC)CCC
271,R0000000795,*C1(*)CCCC1
272,R0000000799,*C(*)C(CC)CC
273,R0000000800,*C(*)(CC)CC
274,R0000000801,*C(*)(*)CC
275,R0000000803,*C(*)(C)CCCC
276,R0000000805,*C(*)(C)CCCCCCC
277,R0000000859,*C=Cc1ccc(*)cc1
278,R0000000863,*c1ccc(C(=*)c2ccccc2)cc1
279,R0000000864,*c1cc(*)c(C)cc1C
280,R0000000866,*C1c2cccc3cccc(c23)C1*
281,R0000000867,*CCC(*)*
282,R0000000868,*C1CCCCCC1
283,R0000000869,*CCC(C)(C)C(*)(C)C
284,R0000000870,*C1CCC2C(*)CCC12
285,R0000000871,*C1CC2C3CC4C(C3*)C24C1
286,R0000000872,*C1C(*)C2CC1C1CCCC21
287,R0000000873,*C1CC2C3CCC(C3)C2C1*
288,R0000000874,*C1CC(*)C2CCCC12
289,R0000000875,*C12CC3CC(C1)CC(*)(C3)C2
290,R0000000876,*C1CC(*)C2C3CC(CC3C)C12
291,R0000000877,*CCCC(*)C
292,R0000000878,*CCCC(*)CC
293,R0000000879,*CCCCCC(*)C
294,R0000000880,*CCCCCC(*)CC
295,R0000000881,*C1C2CCC(C2)C1*
296,R0000000882,*C1C2CC(C)C(C2)C1*
297,R0000000883,*C12CC3CC(*)(C1)CC(*)(C3)C2
298,R0000000884,*C1CC2CC1C(*)C2*
299,R0000000885,*C1CC2CC1C1C(*)CC(*)C21
300,R0000000886,*C1CC(*)C2C3CCC(C3)C12
301,R0000000890,*c1ccc(C=C)cc1
302,R0000000893,*c1c2ccccc2cc2ccccc12
303,R0000000898,*c1ccc(C#C)cc1
304,R0000000899,*CCC#C
305,R0000000904,*CC(*)(*)*
306,R0000000914,*CCCCC(*)C(*)*
307,R0000000916,*CCCCCC(*)C(*)*
308,R0000000917,*CCCCCCC(*)C(*)*
309,R0000000918,*CCCCCCCC(*)C(*)*
310,R0000000919,*CCCCCCCCCC(*)C(*)*
311,R0000000920,*CCCCCCCCCCC(*)C(*)*
312,R0000000921,*CCCCCCCCCCCC(*)C(*)*
313,R0000000922,*CCCCCCCCCCCCC(*)C(*)*
314,R0000000926,*CCC(*)C(*)*
315,R0000000934,*CCC(*)(*)C
316,R0000000935,*c1ccc2c(c1)C(CCCCCC)(CCCCCC)c1ccccc1-2
317,R0000000936,*c1ccc2c(c1)C(CCCCCC)(CCCCCC)c1cc(*)ccc1-2
318,R0000000937,*C1CCC(C)CC1*
319,R0000000952,*C=C(*)c1cccc2ccccc12
320,R0000000956,*C=C(*)c1ccc(*)cc1
321,R0000000960,*C(=*)CC
322,R0000000971,*CCCCC(*)C*
323,R0000000974,*C#CC(=*)c1ccccc1
324,R0000000980,*C=CCC(*)C*
325,R0000000981,*C=CCC(*)(*)C*
326,R0000000988,*C=C(*)C*
327,R0000000989,*C=C(*)c1ccc(C#C)cc1
328,R0000000990,*C=C(*)c1cccc(C#C)c1
329,R0000000999,*C(CCC)(CCC)CCC
330,R0000001004,*C#CC(=*)CCCC*
331,R0000001013,*CCCCC(*)=*
332,R0000001014,*C=CC(C*)C(*)C*
333,R0000001029,*C=C(*)c1ccccc1*
334,R0000001030,*C=C(*)CCC*
335,R0000001033,*C=C(*)c1ccccc1C
336,R0000001034,*C=CC1CC(*)C(*)C1
337,R0000001035,*=Cc1ccccc1
338,R0000001045,*C=CC1CC(*)C(*)C1*
339,R0000001057,*C=C(*)CCCCCCCCCC*
340,R0000001059,*C=C(*)CCCCCC*
341,R0000001066,*C=CC1=C(*)CC(*)(*)C1
342,R0000001074,*c1ccc2c(c1)C(CCCCCCCC)(CCCCCCCC)c1cc(*)ccc1-2
343,R0000001075,*c1ccc(C2(c3ccc(*)cc3)c3cc(*)ccc3-c3ccc(*)cc32)cc1
344,R0000001076,*CCC(=*)c1ccccc1
345,R0000001077,*CC(*)C(*)*
346,R0000001081,*C=C(*)c1cc(*)ccc1*
347,R0000001086,*C=Cc1ccc2c(c1)C(CCCCCC*)(CCCCCC*)c1cc(C=*)ccc1-2
348,R0000001088,*c1ccc2c(c1)C(CCCCCC)(CCCCCC)c1cc(C=*)ccc1-2
349,R0000001096,*C=CCCCCCCCCCC(C*)CCCCCCCCC*
350,R0000001097,*c1ccc2ccc3cccc4ccc1c2c34
351,R0000001098,*C=CC(*)(*)C
352,R0000001100,*C=C(*)c1ccc2ccc3cccc4ccc1c2c34
353,R0000001101,*=CC=*
354,R0000001103,*c1ccc2c(c1)C(c1ccccc1)(c1ccc3ccc4cccc5ccc1c3c45)c1cc(*)ccc1-2
355,R0000001104,*C=C(*)c1cc(*)c(*)c(*)c1
356,R0000001111,*C1C(*)C2CC1C(*)C2*
357,R0000001121,*C(C)(C)CC
358,R0000001127,*c1cccc(C)c1C
359,R0000001129,*C1CCC2CCCCC2C1
360,R0000001130,*C1CC2CC1C1C3CCC(C3)C21
361,R0000001156,*c1ccc2c(c1)CCC2
362,R0000001169,*C1(C)C2CC3CC(C2)CC1C3
363,R0000001177,*C1CC(*)(C)C1
364,R0000001190,*c1ccc(C=*)cc1*
365,R0000001191,*c1ccc2c(c1)CCCC2
366,R0000001202,*C1CC(*)C2C1C1CC2C(*)(C)C1
367,R0000001220,*c1ccc(C#Cc2cc(C)c(C=*)cc2C)cc1
368,R0000001222,*c1ccc(C#Cc2cc(*)c(C=*)cc2*)cc1
369,R0000001239,*c1cc(C=*)cc(*)c1*
370,R0000001251,*C=CC(C)CCCCCCCCC*
371,R0000001252,*C#CC#CCCCCCCCC*
372,R0000001253,*C=CC(=*)C(*)=*
373,R0000001254,*C(=*)CCCCC
374,R0000001255,*C=C(*)C(C)(C)C
375,R0000001256,*CC(*)CCC(C)C=*
376,R0000001257,*C1c2ccccc2C(=*)c2ccccc21
377,R0000001258,*C1C=CC(C(*)(C)C)=C1
378,R0000001259,*C1C=C(C)C(*)C1
379,R0000001260,*C1C=C(C(*)(C)C)C2CC=CCC12
380,R0000001261,*C=CC1CCC(*)(C)C1
381,R0000001262,*c1ccc2c(c1)C(*)(C)CC2(C)C
382,R0000001263,*C1CCc2ccccc2C1*
383,R0000001264,*C=CC1CC(*)C2CC=CC12
384,R0000001265,*C=C(*)C(C)(C)CC
385,R0000001266,*C=C(*)C(C)(C)CCCCCC
386,R0000001267,*C=CC1CC(*)C2CCCC12
387,R0000001268,*CC#CC#CCC1(*)c2ccccc2-c2ccccc21
388,R0000001269,*C1C2CC(=*)C(C2)C1*
389,R0000001270,*C1C(*)C2CC1C1C=CCC12
390,R0000001271,*C=CC1CCCCC1*
391,R0000001272,*C#CC=C*
392,R0000001273,*C=C(*)C
393,R0000001274,*C=C(*)CC
394,R0000001275,*C=C(*)CCC
395,R0000001276,*C=CC1CC(*)C(C2CC=CCC2)C1
396,R0000001277,*c1ccc2c(c1)C(CC(CC)CCCC)(CC(CC)CCCC)c1cc(*)ccc1-2
397,R0000001278,*C1=CCC(*)CC1
398,R0000001279,*C=CC1CC(=*)C(*)C1
399,R0000001280,*C=Cc1ccc2c(c1)C(CC(CC)CCCC)(CC(CC)CCCC)c1cc(*)ccc1-2
400,R0000001281,*c1ccc2c(c1)C(CCCCCCCCCCCC)(CCCCCCCCCCCC)c1cc(*)ccc1-2
401,R0000001282,*C=CC(*)(C)C
402,R0000001283,*C=CC1CC(*)C2C3CCC(C3)C12
403,R0000001295,*C1CC2CC(*)C1C2
404,R0000001306,*C1(*)CC2C=CC1C2
405,R0000001307,*C1(*)CC2CCC1CC2
406,R0000001316,*CCC(C)C*
407,R0000001327,*C1C(*)C2C=CC1C1C(*)C(*)C21
408,R0000001334,*C1CCC(C=C)CC1*
409,R0000001335,*C1CCCCCC1*
410,R0000001336,*C1CCCCCCC1*
411,R0000001337,*C1CC2(C1)CC(*)C2
412,R0000001338,*c1cccc2cc3c(*)cccc3cc12
413,R0000001339,*c1cc(C)c(*)c2ccccc12
414,R0000001352,*C(*)C=C
415,R0000001356,*c1cccc2cccc(*)c12
416,R0000001357,*c1ccc2cccc(*)c2c1
417,R0000001358,*c1c(C)ccc2c(*)c(C)ccc12
418,R0000001364,*c1cc(*)c(C)cc1*
419,R0000001368,*c1ccc(C2(c3ccc(*)c(C)c3)c3ccccc3-c3ccccc32)cc1C
420,R0000001369,*c1c(C)cc(C2(c3cc(C)c(*)c(C)c3)c3ccccc3-c3ccccc32)cc1C
421,R0000001389,*C1(*)CC1
422,R0000001405,*c1ccc(C(=C)c2ccc(*)cc2)cc1
423,R0000001414,*CC(=C)C*
424,R0000001418,*c1ccc(C=*)cc1C
425,R0000001419,*C1(*)C2CC3CC(C2)CC1C3
426,R0000001440,*C1CCC(*)C(C)C1
427,R0000001454,*CC(*)C(*)C*
428,R0000001456,*C1(*)CCCCCC1
429,R0000001463,*c1cc(C=*)c(*)cc1C=*
430,R0000001508,*c1ccc(C=*)c2ccccc12
431,R0000001509,*C1CCC(*)(*)CC1
432,R0000001510,*C1(*)CCCCCCCCCCC1
433,R0000001512,*C1(*)CC2CC1C1CCCC21
434,R0000001514,*CC(C*)(C*)CC
435,R0000001521,*c1ccc(C#Cc2cc(*)c(C#Cc3ccc(*)cc3)cc2*)cc1
436,R0000001525,*=Cc1ccc2c(c1)C(CCCCCC)(CCCCCC)c1cc(C=*)ccc1-2
437,R0000001531,*c1ccc2c(*)cccc2c1
438,R0000001555,*c1ccc2ccccc2c1*
439,R0000001584,*c1ccc(*)c(C=*)c1
440,R0000001598,*=CC1=CC(=*)CC(C)(C)C1
441,R0000001599,*C1C=C(C)C(*)C(*)C1
442,R0000001613,*CCC(C)CCCC(C)C
443,R0000001618,*c1c2ccccc2c(*)c2ccccc12
444,R0000001619,*c1ccc2c(*)c3ccccc3c(*)c2c1
445,R0000001625,*C=Cc1cc(*)c(C=*)cc1*
446,R0000001635,*C12CCC(*)(CC1)CC2
447,R0000001658,*C=Cc1ccc(C=*)cc1
448,R0000001681,*C=CC(=*)C
449,R0000001682,*=CC(=*)C
450,R0000001692,*c1ccc(C(=*)c2cc(*)c(*)c(*)c2)cc1
451,R0000001700,*CCCCCCCCCCCCCCCCCCCC
452,R0000001706,*c1cc(*)c2cccccc1-2
453,R0000001715,*c1ccc2cc3cc(*)ccc3cc2c1
454,R0000001718,*C=Cc1cccc(*)c1
455,R0000001741,*c1ccc(C2(c3ccc(*)cc3)c3ccccc3Cc3ccccc32)cc1
456,R0000001742,*C(*)(C)C(C)C
457,R0000001760,*c1ccc2c(*)c(*)ccc2c1
458,R0000001761,*C1CCC(C2CCC(*)CC2)CC1
459,R0000001768,*CCCCCCCCCC#CC#CCCCCCCCCC*
460,R0000001775,*C1(*)CC(C)CC(C)(C)C1
461,R0000001780,*CCCCCCC(C*)C*
462,R0000001781,*c1ccc2c(c1)C1(CC2(C)C)CC(C)(C)c2ccc(*)cc21
463,R0000001782,*c1ccc(*)c2c1CC2
464,R0000001787,*C=Cc1c(*)ccc2ccccc12
465,R0000001788,*c1ccc2ccccc2c1C=*
466,R0000001793,*C1C2C=CC(C2)C1*
467,R0000001794,*CC#CC(=*)C#CC*
468,R0000001795,*=Cc1ccc(C#Cc2ccc(C=*)cc2)cc1
469,R0000001796,*=C(C#Cc1ccccc1)C#Cc1ccccc1
470,R0000001797,*C(C)C#CC#CC(*)C
471,R0000001800,*CCC(C)CC*
472,R0000001814,*c1ccc(C)cc1*
473,R0000001816,*c1ccccc1C=*
474,R0000001822,*CC(C)(C*)CCC
475,R0000001827,*CCCCC=*
476,R0000001828,*C1(*)CCC2CCCCC2C1
477,R0000001831,*CCC(C)CC(C*)CC
478,R0000001832,*CCC(CC)CC(C)C*
479,R0000001836,*=CCCC=*
480,R0000001868,*CCCCCCCCC=C
481,R0000001872,*C(C)CC(*)C
482,R0000001875,*c1ccc(C#Cc2cccc(*)c2)cc1
483,R0000001876,*c1ccc(C#Cc2ccc(*)cc2)cc1
484,R0000001877,*CCCC(C)C*
485,R0000001880,*c1cccc(C#Cc2cccc(*)c2)c1
486,R0000001911,*CCCCCCCCCCCCC(C*)C*
487,R0000001920,*c1ccc(C)c(*)c1C
488,R0000001933,*C(*)C=*
489,R0000001935,*=CCCCC=*
490,R0000001942,*c1ccc2c(c1)-c1cc(*)ccc1C2
491,R0000001946,*CC(C*)CCCC
492,R0000001955,*c1ccc(C2(c3ccc(*)c(*)c3)c3ccccc3-c3ccccc32)cc1*
493,R0000001956,*c1cc(C2(c3cc(*)c(*)c(C)c3)c3ccccc3-c3ccccc32)cc(C)c1*
494,R0000001967,*c1cc(*)c(C)c(C)c1
495,R0000001969,*c1ccc(*)c(C)c1C
496,R0000001972,*C(C)(C)CCCCCCCCC(*)(C)C
497,R0000001976,*C1CC2CC1C1CCC(*)C21
498,R0000001998,*c1c(C)c(*)c2c(c1C)CCC2(C)C
499,R0000002018,*C12CC3CC(C1)C(C1C4CC5CC1CC(*)(C5)C4)C(C3)C2
500,R0000002019,*c1cc(C)c(*)c(*)c1*
501,R0000002041,*C1C2CCC(C2)C1C
502,R0000002043,*C1(*)CC2CC1C1C3CCC(C3)C21
503,R0000002048,*C(*)(CCCC)CCCC
504,R0000002049,*C(*)(CCCCC)CCCCC
505,R0000002059,*C=Cc1cccc(C=*)c1
506,R0000002107,*c1ccc(*)c2cc3ccccc3cc12
507,R0000002155,*c1cc2cccc3c(*)cc4cccc1c4c23
508,R0000002183,*c1ccc(C(=*)c2ccc(C(=*)c3ccc(*)cc3)cc2)cc1
509,R0000002194,*c1ccc(*)c2c(C)ccc(C)c12
510,R0000002195,*c1cc2ccc3ccccc3c2cc1*
511,R0000002201,*c1cc2c(cc1*)C(CCCCCC)(CCCCCC)c1cc(*)c(*)cc1-2
512,R0000002206,*C=Cc1ccc2c(c1)C(CCCCCC)(CCCCCC)c1cc(C=*)ccc1-2
513,R0000002217,*C1(*)CCC1
514,R0000002242,*c1ccc(C#Cc2ccc(C#Cc3ccc(*)cc3)cc2)cc1
515,R0000002275,*CC(=*)C
516,R0000002286,*C(C)C=*
517,R0000002293,*C=Cc1cc(*)c(*)cc1*
518,R0000002294,*C=Cc1cc(C)c(*)cc1C
519,R0000002298,*c1cc(*)c(C=*)cc1*
520,R0000002299,*C#Cc1cc(*)c(*)cc1*
521,R0000002300,*C=Cc1ccc(C#Cc2cc(*)c(C#Cc3ccc(*)cc3)cc2*)cc1
522,R0000002301,*C#Cc1cc(*)c(C#Cc2c3ccccc3c(*)c3ccccc23)cc1*
523,R0000002302,*C#Cc1ccc(*)c(*)c1
524,R0000002303,*C#Cc1cc(*)c(C#Cc2ccc(*)c(*)c2)cc1*
525,R0000002310,*C#Cc1cc(*)c(C#Cc2ccc(*)cc2)cc1*
526,R0000002311,*C=Cc1ccc(*)c(*)c1*
527,R0000002312,*C#CC#Cc1ccc(*)cc1
528,R0000002318,*C=Cc1ccc(C#Cc2cc(*)c(C#Cc3ccc(C=*)cc3)cc2*)cc1
529,R0000002324,*C=C(c1ccc(*)cc1)c1ccc(*)cc1
530,R0000002326,*c1ccc2cc(C(=*)c3ccccc3)ccc2c1
531,R0000002329,*=Cc1cccc(C=*)c1
532,R0000002330,*C=Cc1ccc(*)c(*)c1
533,R0000002335,*C=Cc1cc(*)c(*)cc1C
534,R0000002338,*C#Cc1cc(*)c(C#Cc2ccc3c(*)c(*)ccc3c2)cc1*
535,R0000002343,*c1ccc(C2(*)c3ccccc3-c3ccccc32)cc1
536,R0000002345,*C1CC2CC1C1CCCC21
537,R0000002349,*CCCCCCC1(CCCCCC*)c2cc(*)ccc2-c2ccc(C=*)cc21
538,R0000002352,*c1ccc2c(c1)C(CCCCCCCC)(CCCCCCCC)c1ccccc1-2
539,R0000002354,*c1cc(C=*)cc(C=*)c1
540,R0000002356,*C#Cc1cc(*)c(C#Cc2cc(*)c(*)cc2*)cc1*
541,R0000002362,*c1cc2cccccc-2c1*
542,R0000002364,*C=Cc1ccc(*)c2ccc(*)cc12
543,R0000002366,*c1ccc2c(*)c(*)c(*)c(*)c2c1
544,R0000002367,*c1ccc(C#Cc2ccccc2)c(C#Cc2ccccc2)c1
545,R0000002368,*c1c(*)c(*)c2cc(C3(c4ccc(C#Cc5ccccc5)c(C#Cc5ccccc5)c4)c4ccccc4-c4ccccc43)ccc2c1*
546,R0000002373,*c1c(*)c2ccccc2c2ccccc12
547,R0000002374,*c1ccc2ccc3c(*)cc(C#C)c4ccc1c2c34
548,R0000002375,*c1ccc2ccc3c(*)cc(C#CC=C)c4ccc1c2c34
549,R0000002376,*CC(*)CC(*)CC(*)CC(*)*
550,R0000002377,*CC(*)CC(*)CC(*)*
551,R0000002483,*C1C2CC3CC(C2)CC1C3
552,R0000002502,*C1(C)CC(C)(C)C(*)(C)C1C
553,R0000002512,*CCCCC(=*)C(=C=C=*)CCCC*
554,R0000002513,*CCCC(=*)C(=C=C=*)CCC*
555,R0000002533,*C1CC(C)(C)CCC1C
556,R0000002535,*CC1=CCC(*)CC1
557,R0000002542,*CCCCC(C*)CC
558,R0000002567,*c1cccc(C)c1*
559,R0000002568,*c1c(C)ccc(C)c1*
560,R0000002569,*c1cc(C)c(C)c(*)c1C
561,R0000002588,*c1cccc2c(*)c(C)ccc12
562,R0000002592,*C(=*)c1cccc(*)c1
563,R0000002596,*C(=*)c1ccc2c(c1)C(C)(C)c1ccccc1-2
564,R0000002603,*C(=*)c1ccc2c(c1)C1(CC1)c1ccccc1-2
565,R0000002606,*C(=*)CCCCCC
566,R0000002608,*c1c2c(c(*)c3c1C1c4ccccc4C3c3ccccc31)C1c3ccccc3C2c2ccccc21
567,R0000002609,*c1ccc(*)c2c1C1c3ccccc3C2c2ccccc21
568,R0000002616,*c1cc2ccccc2c(*)c1*
569,R0000002655,*CC(=*)C(=C=C=*)C*
570,R0000002665,*C=CC=C*
571,R0000002706,*C=C(*)c1ccc2ccccc2c1
572,R0000002709,*C=C(*)c1c(C)cc(*)cc1C
573,R0000002735,*C(C)CCCCC(*)C
574,R0000002809,*c1c(C)c(C)c(C)c(C)c1C
575,R0000002816,*=CC(=*)c1ccccc1
576,R0000002946,*C=CCC(C)C*
577,R0000002947,*C=CCCC(C)C*
578,R0000002948,*C=CC(*)*
579,R0000002949,*c1cc(C)c2cc(*)ccc2c1
580,R0000002959,*C1C=C(C)C=CC1
581,R0000002962,*CC(*)(CCCCCC)CCCCCCCCCC
582,R0000002963,*CC(*)C1=CC(*)CC=C1
583,R0000002969,*CC(=*)CCCC
584,R0000002980,*CC(C)CC(C)(C)C*
585,R0000002981,*CCCC(C)CC(C)(C)C*
586,R0000002982,*CCCC(C)(C)CC(C)C*
587,R0000002985,*c1c2cccccc3ccccccc=3c(*)cc1-2
588,R0000002998,*C(*)C(*)C(C)(C)C
589,R0000003010,*CCC(*)=C
590,R0000003015,*C1CC1(*)*
591,R0000003019,*CC(C)C=C*C
592,R0000003035,*C1CCC(C=*)C1
593,R0000003043,*C1(*)C2CCC3CC(CC2)CC1C3
594,R0000003048,*c1ccc2c(c1)C1c3ccccc3C2c2cc(*)ccc21
595,R0000003049,*c1ccc2c(c1)C1c3ccc(*)cc3C2c2cc3ccccc3cc21
596,R0000003097,*CC#CC(=*)C(=C=C=*)C*
597,R0000003109,*CCC(=*)C(=C=C=*)CC*
598,R0000003111,*=C(C1=CC(=*)c2ccccc21)c1ccccc1
599,R0000003115,*C=CC(C*)C*
600,R0000003123,*CCC(*)=*
601,R0000003136,*=C1CCCCC1=*
602,R0000003137,*=C1C(=*)C2(C)CCC1C2(C)C
603,R0000003150,*c1ccc(C=*)c(*)c1
604,R0000003315,*=CCCC(=*)C
605,R0000003320,*C=Cc1ccc(C=*)cc1*
606,R0000003324,*=c1cc2ccc3cc(=c4c5ccccc5c(=*)c5ccccc45)cc4ccc(c1)c2c34
7,,*CCCCCCCCC(*)C(*)*
14,,*c1ccc(*)c(*)c1*
30,,*C1CCCCCCCCC1
39,,*C(=*)CCCCCCCCCC
63,,*CCCCCCCCCCCCCCC*
68,,*c1cc(*)c(*)cc1*
69,,*CCCCCCCCCCCCCC*
75,,*CC(C*)CCCCCCCCCCCC
87,,*CCCCCCCC*
89,,*CC(C*)CCCCCCCC
110,,*CCCCCCCCCCCCCCCCCCC
142,,*CCCCCCCCCC(*)C*
145,,*C(C)CCCCCCCCCCCC
146,,*CCCCCCCCCCCCCCCCCCCCCC*
153,,*C(CCCCCCCC)CCCCCCCC
164,,*CCCCCCCCCCCCCCCCCCCCCC
168,,*CCCCCCCCCCCCC
192,,*CCCCCCCCC*
193,,*c1cc2ccccc2c2ccccc12
203,,*C(C)CCCCCC
204,,*CCCCCCCCC(C*)C*
209,,*CCCCCCC*
223,,*c1ccc(C(=*)c2ccc(*)cc2)cc1
234,,*CCCCCCCCCCCCCCCCCCCC*
238,,*C(*)CCCCCCCCCCC
240,,*CC(*)CCCCCC
243,,*C(C)CCCCCCCC
245,,*C(CCCCCCC)CCCCCCC
250,,*CCCCCCCCCCCCCCC
258,,*CCCCCCCCCCCCC*
263,,*C1CCCCCCC1
266,,*CCCCCCCCCCCCCCCCC
274,,*CCCCCCCCCCCCCCCC*
281,,*CC(CCCCCC)C(C*)CCCCCC
293,,*CCCCCCCCCCCCC(*)C
302,,*=Cc1ccc2c(c1)C(CCCCCCCC)(CCCCCCCC)c1cc(C=*)ccc1-2
317,,*CCCCCCCCCCCC*
320,,*CCCCCCCCC(*)C*
322,,*CCCCCCCCCCC*
324,,*CCCCCCCCCCC
330,,*CCCCCCCCCCCCCCCCCCCCC(*)C*
340,,*=Cc1ccc(C#Cc2ccccc2)cc1
349,,*CCCCCCCCCCC(C*)C*
358,,*c1ccc([Si](*)(C)c2ccc(*)cc2)cc1
360,,*CCCCCCCCCCCCCCCCCC*
373,,*C(=*)CCCCCCCC
